frame,x,y,file,particle
0,3.97645242737534,6.09531018287744,Cell19.csv,0
1,3.9957415449052602,6.03514364427754,Cell19.csv,0
2,3.90013237282911,6.169048222483401,Cell19.csv,0
3,3.83356365910427,6.19726213900127,Cell19.csv,0
4,3.8784870865930903,6.14840251600341,Cell19.csv,0
5,3.93369602738891,6.11018620079821,Cell19.csv,0
6,3.8629454374419803,6.173687132471531,Cell19.csv,0
7,3.8576208976385904,6.268580704817681,Cell19.csv,0
8,3.8674876197908303,6.3475196318724905,Cell19.csv,0
9,3.73065753222082,6.33312411580043,Cell19.csv,0
10,3.77520950597119,6.3628879361762305,Cell19.csv,0
11,3.68864212128185,6.53785823749744,Cell19.csv,0
12,3.6925189800469105,6.458385641751851,Cell19.csv,0
13,3.59177352199906,6.44266517588838,Cell19.csv,0
14,3.5063276100212404,6.4774233142337,Cell19.csv,0
15,3.62125002359547,6.35100264596885,Cell19.csv,0
16,3.73021691335883,6.50090877382929,Cell19.csv,0
17,3.6798917796454105,6.43263224313431,Cell19.csv,0
18,3.60743724106313,6.458753504624171,Cell19.csv,0
19,3.54653401902993,6.40556630915274,Cell19.csv,0
20,3.5797356074619104,6.45181425026534,Cell19.csv,0
21,3.54154853324737,6.46304496594632,Cell19.csv,0
22,3.5250867446704404,6.53682014478014,Cell19.csv,0
23,3.55422994413536,6.56569059285818,Cell19.csv,0
24,3.4912683290814197,6.619849554274251,Cell19.csv,0
25,3.5547377471732697,6.5719231583657205,Cell19.csv,0
26,3.51753236817191,6.407808208786281,Cell19.csv,0
27,3.4609635193138804,6.42832763025089,Cell19.csv,0
28,3.4947039853909803,6.42980742379985,Cell19.csv,0
29,3.4972657779759904,6.46805206148543,Cell19.csv,0
30,3.4571451162885003,6.40145704641651,Cell19.csv,0
31,3.57714100062002,6.41373185147714,Cell19.csv,0
32,3.52214149689627,6.44350708962161,Cell19.csv,0
33,3.43576699538394,6.509448777333071,Cell19.csv,0
34,3.44984121128842,6.45939804772339,Cell19.csv,0
35,3.4467661005352204,6.50536507841579,Cell19.csv,0
36,3.39906794513663,6.51518123163157,Cell19.csv,0
37,3.2658107231352203,6.52660806020937,Cell19.csv,0
38,3.45623961621863,6.42350690540987,Cell19.csv,0
39,3.41283033712945,6.43307508511202,Cell19.csv,0
40,3.52058896037648,6.42897796602768,Cell19.csv,0
41,3.4373326887024502,6.408056463463801,Cell19.csv,0
42,3.20050216238023,6.37655635394206,Cell19.csv,0
43,3.25867255223636,6.40803582196285,Cell19.csv,0
44,3.20781268064181,6.42720630833246,Cell19.csv,0
45,3.23821927507578,6.50759739285645,Cell19.csv,0
46,3.19069919137348,6.456932854095021,Cell19.csv,0
47,3.0955357613152903,6.45219437470007,Cell19.csv,0
48,3.14078448402207,6.48661524608685,Cell19.csv,0
49,3.12670198854728,6.462012986370021,Cell19.csv,0
50,3.16365443825027,6.494026308028601,Cell19.csv,0
51,3.15362930610447,6.51459311215572,Cell19.csv,0
52,3.19674852647733,6.42681493054716,Cell19.csv,0
53,3.27709296140806,6.4560464010585505,Cell19.csv,0
54,3.26882457016724,6.43267698652043,Cell19.csv,0
55,3.1249241398375203,6.47662544736782,Cell19.csv,0
56,3.1681442500664296,6.44501057176077,Cell19.csv,0
57,3.15791003939706,6.500361997965021,Cell19.csv,0
58,3.1153069422751303,6.44777343084316,Cell19.csv,0
59,3.0828859818162,6.47281584140575,Cell19.csv,0
0,4.99059264716968,9.95895656470816,Cell19.csv,1
1,4.9711117698791805,9.945129319558209,Cell19.csv,1
2,4.93458917341363,9.931440013968661,Cell19.csv,1
3,4.95213991303228,9.96170775432522,Cell19.csv,1
4,4.97525568641298,9.88779518441412,Cell19.csv,1
5,4.96586285927665,9.934673188344679,Cell19.csv,1
6,4.979869529116789,9.862555302098482,Cell19.csv,1
7,4.959620990885139,9.852681865396429,Cell19.csv,1
8,4.94902420504616,9.86044925468956,Cell19.csv,1
9,4.918909304430961,9.911118365132461,Cell19.csv,1
10,4.93007757995607,9.96108832016631,Cell19.csv,1
11,4.8866818452800596,9.92390697790063,Cell19.csv,1
12,4.85015108128781,9.98729304659136,Cell19.csv,1
13,4.87932855790043,9.9644197528853,Cell19.csv,1
14,4.85591322435171,10.0026787958685,Cell19.csv,1
15,4.7948805670842205,10.0607861162069,Cell19.csv,1
16,4.84090164003734,10.0276927292407,Cell19.csv,1
17,4.80815027153471,10.1207270704893,Cell19.csv,1
18,4.78522113644342,10.0442722573297,Cell19.csv,1
19,4.78253594178184,10.0877147449276,Cell19.csv,1
20,4.80964683657636,10.0779956760031,Cell19.csv,1
21,4.7812161315435695,10.1399056566949,Cell19.csv,1
22,4.7797984937625,10.143713473488,Cell19.csv,1
23,4.76188941693738,10.1986210889585,Cell19.csv,1
24,4.78664983079954,10.242758173348701,Cell19.csv,1
25,4.75349081100106,10.239123158786601,Cell19.csv,1
26,4.75251893115277,10.1947219148535,Cell19.csv,1
27,4.764526670100651,10.085930421616,Cell19.csv,1
28,4.70931614010946,10.0958002886801,Cell19.csv,1
29,4.76862579593065,10.085167837626301,Cell19.csv,1
30,4.7757239882999905,10.090279767726301,Cell19.csv,1
31,4.75607218517561,10.0654679699689,Cell19.csv,1
32,4.7656058479649,10.043669632763901,Cell19.csv,1
33,4.772127493613221,10.080936128207702,Cell19.csv,1
34,4.809000807696799,10.0886746752276,Cell19.csv,1
35,4.760990836270841,10.0855609511358,Cell19.csv,1
36,4.82633111467859,10.106290430384401,Cell19.csv,1
37,4.79847186856187,10.1106252160425,Cell19.csv,1
38,4.68026713724768,10.122401781635201,Cell19.csv,1
39,4.8210979757112,10.060259459856699,Cell19.csv,1
40,4.82150529062364,10.0909964206355,Cell19.csv,1
41,4.88341762980424,9.98318778603936,Cell19.csv,1
42,4.812925362379571,10.001453078599699,Cell19.csv,1
43,4.7287843714757205,9.93443137835442,Cell19.csv,1
44,4.75022428368588,9.99478539920427,Cell19.csv,1
45,4.70449822065231,9.99579167121344,Cell19.csv,1
46,4.66551630865669,10.010151971346701,Cell19.csv,1
47,4.66266550017838,9.99889229138362,Cell19.csv,1
48,4.621692431438579,9.98029437952904,Cell19.csv,1
49,4.70599706292006,9.998884701570631,Cell19.csv,1
50,4.62798665297675,9.97080684893587,Cell19.csv,1
51,4.602454554220349,9.997073504711171,Cell19.csv,1
52,4.63054125150793,10.0393532840476,Cell19.csv,1
53,4.6124056726919695,9.946944044987669,Cell19.csv,1
54,4.650641457978191,9.935492526124861,Cell19.csv,1
55,4.6581754558762105,9.969742843733052,Cell19.csv,1
56,4.80033353589035,9.934822888184621,Cell19.csv,1
57,4.66154186730982,9.97081048852144,Cell19.csv,1
58,4.61731152784906,9.99114724496632,Cell19.csv,1
59,4.597793059731,9.96576378559239,Cell19.csv,1
0,6.46421969414947,8.402055817164081,Cell19.csv,2
1,6.42262613767211,8.432236233846401,Cell19.csv,2
2,6.4466929298546205,8.48106879642814,Cell19.csv,2
3,6.36037683192375,8.56766349766371,Cell19.csv,2
4,6.38114656055303,8.55429309525314,Cell19.csv,2
5,6.33329055232533,8.59624799745303,Cell19.csv,2
6,6.3652772890291,8.50615500832905,Cell19.csv,2
7,6.3448894726332306,8.52782630802559,Cell19.csv,2
8,6.40050461539946,8.55387185442344,Cell19.csv,2
9,6.3253647665712895,8.61718076192054,Cell19.csv,2
10,6.30230829471407,8.62560101249427,Cell19.csv,2
11,6.30041463985066,8.588463537923461,Cell19.csv,2
12,6.3089729820153595,8.688177746706069,Cell19.csv,2
13,6.301840865672361,8.71431729429807,Cell19.csv,2
14,6.27338740157667,8.69595940708526,Cell19.csv,2
15,6.22610675614377,8.709911307506031,Cell19.csv,2
16,6.24143108333268,8.749562978044692,Cell19.csv,2
17,6.24375351872013,8.814410023221841,Cell19.csv,2
18,6.21047765627618,8.73605628595349,Cell19.csv,2
19,6.17242577243107,8.76919513041601,Cell19.csv,2
20,6.18832313256128,8.726559004632339,Cell19.csv,2
21,6.1785922042864705,8.758591457532741,Cell19.csv,2
22,6.1150271092095405,8.74625117723589,Cell19.csv,2
23,6.0619503975602,8.78724121519126,Cell19.csv,2
24,6.03066476741269,8.76861485444698,Cell19.csv,2
25,5.96795592740749,8.77703902677475,Cell19.csv,2
26,6.0095617245028095,8.80491552244129,Cell19.csv,2
27,6.05866751297848,8.69078993120145,Cell19.csv,2
28,6.007732056050241,8.71951935051955,Cell19.csv,2
29,6.02445574757934,8.7235817289547,Cell19.csv,2
30,6.03167728356576,8.729104492117989,Cell19.csv,2
31,6.05286629690253,8.67155494097056,Cell19.csv,2
32,6.083258667674061,8.62854996884326,Cell19.csv,2
33,6.05368186089089,8.651646161566179,Cell19.csv,2
34,6.0899339988497205,8.62563810183219,Cell19.csv,2
35,5.999418461493881,8.700731197647379,Cell19.csv,2
36,6.03059211524448,8.6813549490083,Cell19.csv,2
37,5.93605527908728,8.69168697400986,Cell19.csv,2
38,5.7832236997762,8.69508209516075,Cell19.csv,2
39,5.90059247526523,8.574592180094331,Cell19.csv,2
40,5.86360866340897,8.61976409206463,Cell19.csv,2
41,5.90990426679749,8.525883774863651,Cell19.csv,2
42,5.79734698547687,8.52288280899535,Cell19.csv,2
43,5.6866878463403605,8.515284588987281,Cell19.csv,2
44,5.65943562858942,8.57488961204369,Cell19.csv,2
45,5.6518947848614,8.53101727828607,Cell19.csv,2
46,5.64424532373096,8.5154303983753,Cell19.csv,2
47,5.61858107712343,8.4538563639135,Cell19.csv,2
48,5.58531958789848,8.41404692538168,Cell19.csv,2
49,5.61222940004939,8.44000157134868,Cell19.csv,2
50,5.62077767845188,8.39519136130443,Cell19.csv,2
51,5.58804475873559,8.383815439996349,Cell19.csv,2
52,5.58480187323529,8.4186738198248,Cell19.csv,2
53,5.6136692876417005,8.39489925451712,Cell19.csv,2
54,5.62544305620343,8.38857875561348,Cell19.csv,2
55,5.65057316778502,8.471188786483129,Cell19.csv,2
56,5.68070368798267,8.4265703028356,Cell19.csv,2
57,5.63661050609376,8.415519123153121,Cell19.csv,2
58,5.603087593635021,8.41977766283809,Cell19.csv,2
59,5.54818704039187,8.37570183345081,Cell19.csv,2
0,11.6785320819147,16.7384045877784,Cell19.csv,3
1,11.652492100505201,16.7887196872819,Cell19.csv,3
2,11.751843256810501,16.8445602984394,Cell19.csv,3
3,11.6701133670938,16.834194600438202,Cell19.csv,3
4,11.6194633204982,16.7834112019614,Cell19.csv,3
5,11.607047880987,16.772968381349802,Cell19.csv,3
6,11.660659036952701,16.824277792987303,Cell19.csv,3
7,11.7557488752474,16.865423119639903,Cell19.csv,3
8,11.6106936229133,16.8433289958607,Cell19.csv,3
9,11.7245730700156,16.814194910337502,Cell19.csv,3
10,11.739139500544999,16.856108730923598,Cell19.csv,3
11,11.6848625024925,16.9582621346352,Cell19.csv,3
12,11.6150675894333,16.829219279733,Cell19.csv,3
13,11.6313074310633,16.7877942063812,Cell19.csv,3
14,11.610067531564301,16.774326110369397,Cell19.csv,3
15,11.603819997863901,16.816532968153197,Cell19.csv,3
16,11.5657382794338,16.819494015243503,Cell19.csv,3
17,11.5635738626216,16.8034747685089,Cell19.csv,3
18,11.613835360436601,16.8635586244341,Cell19.csv,3
19,11.6516273121617,16.798000274023803,Cell19.csv,3
20,11.573061514050499,16.7762481985525,Cell19.csv,3
21,11.632302068458799,16.900083777946797,Cell19.csv,3
22,11.5942998047592,16.8953859463807,Cell19.csv,3
23,11.6252848525488,16.8102540766857,Cell19.csv,3
24,11.6968004682459,16.803774701981002,Cell19.csv,3
25,11.6144358250424,16.7664350933392,Cell19.csv,3
26,11.7021176444645,16.561336529781702,Cell19.csv,3
27,11.604686463433,16.6886290066161,Cell19.csv,3
28,11.687123598891299,16.809195300345202,Cell19.csv,3
29,11.6965382747407,16.7228960085144,Cell19.csv,3
30,11.655865808697499,16.787676438246102,Cell19.csv,3
31,11.6878135209455,16.767043998811,Cell19.csv,3
32,11.659369540404299,16.720534171292,Cell19.csv,3
33,11.643333617650901,16.7710956040363,Cell19.csv,3
34,11.6340603800924,16.8062948489527,Cell19.csv,3
35,11.6856567883749,16.7777888159498,Cell19.csv,3
36,11.688624922016,16.6786680400818,Cell19.csv,3
37,11.507330216222401,16.7683261585695,Cell19.csv,3
38,11.5823584699567,16.591785149155903,Cell19.csv,3
39,11.5857715924652,16.6892819592642,Cell19.csv,3
40,11.7061905092824,16.693931781786702,Cell19.csv,3
41,11.6798057488094,16.5661009173491,Cell19.csv,3
42,11.5286739910901,16.5285775945371,Cell19.csv,3
43,11.5134941109091,16.5918546266799,Cell19.csv,3
44,11.5132763708799,16.526908757392,Cell19.csv,3
45,11.4865539457903,16.502832101754098,Cell19.csv,3
46,11.5196990938368,16.517505497232,Cell19.csv,3
47,11.5264811607664,16.544130383481598,Cell19.csv,3
48,11.4602817835777,16.5828524584658,Cell19.csv,3
49,11.4193927108567,16.3966762138167,Cell19.csv,3
50,11.4750078975923,16.558632494927302,Cell19.csv,3
51,11.456456384708499,16.5695198383093,Cell19.csv,3
52,11.488890960414599,16.4804666820895,Cell19.csv,3
53,11.5905876694181,16.5777308097213,Cell19.csv,3
54,11.5676203182914,16.628841106239,Cell19.csv,3
55,11.5531698328687,16.3883910885888,Cell19.csv,3
56,11.5119205291903,16.653195411656203,Cell19.csv,3
57,11.519135622046601,16.5169110427198,Cell19.csv,3
58,11.4768645391501,16.4842562771578,Cell19.csv,3
59,11.4761742264813,16.4011076049294,Cell19.csv,3
0,6.7096107092855,6.76493580492716,Cell19.csv,4
1,6.58596044441893,6.8202049056275005,Cell19.csv,4
2,6.72577595961339,6.81062524275391,Cell19.csv,4
3,6.62138607098748,6.74413152685332,Cell19.csv,4
4,6.68502024132938,6.71634280072839,Cell19.csv,4
5,6.61773412387309,6.77319832991902,Cell19.csv,4
6,6.68210395418764,6.58653843445979,Cell19.csv,4
7,6.78924294850999,6.632806289825631,Cell19.csv,4
8,6.77218048570207,6.67595873266538,Cell19.csv,4
9,6.863994886626661,6.99110262749212,Cell19.csv,4
10,6.72929601193613,6.81001491384541,Cell19.csv,4
11,6.71129355768423,6.810593123022151,Cell19.csv,4
12,6.6279631481975905,6.8984445379015,Cell19.csv,4
13,6.653256009713971,6.898872868028721,Cell19.csv,4
14,6.68648601262531,6.874725146971831,Cell19.csv,4
15,6.60482403380779,6.86943386479432,Cell19.csv,4
16,6.5627043505974,6.88159850644051,Cell19.csv,4
17,6.57123332302912,6.9558785713430495,Cell19.csv,4
18,6.54032180472475,6.82088109114676,Cell19.csv,4
19,6.59722252112215,6.87461916957768,Cell19.csv,4
20,6.66293529554551,6.8301260183727,Cell19.csv,4
21,6.64413262291114,6.87258192680666,Cell19.csv,4
22,6.5746784042283,6.9297630140784,Cell19.csv,4
23,6.61563743234326,6.97197326501032,Cell19.csv,4
24,6.52615016503103,7.0204795866838,Cell19.csv,4
25,6.50526202684624,6.983782103347661,Cell19.csv,4
26,6.5748970528573905,6.86316292057803,Cell19.csv,4
27,6.54447224813841,6.82800080811077,Cell19.csv,4
28,6.55768875984854,6.86445105808488,Cell19.csv,4
29,6.53245123276606,6.86618558581165,Cell19.csv,4
30,6.559946761915421,6.82712729594318,Cell19.csv,4
31,6.51099047883975,6.83271510144121,Cell19.csv,4
32,6.54031863259873,6.80314581654169,Cell19.csv,4
33,6.5152629319372,6.92567778608213,Cell19.csv,4
34,6.5503700891096495,6.88147635665541,Cell19.csv,4
35,6.39218460626997,6.9532999828043005,Cell19.csv,4
36,6.39671467551175,6.8665408373391905,Cell19.csv,4
37,6.3186592782024205,6.84003944099092,Cell19.csv,4
38,6.4761141635682,6.7933881612922695,Cell19.csv,4
39,6.44396038558958,6.45980691634874,Cell19.csv,4
40,6.257993058330141,6.6815826410517305,Cell19.csv,4
41,6.25487365247857,6.83541961924639,Cell19.csv,4
42,6.1934743152599605,6.8010607312877704,Cell19.csv,4
43,6.188305091495351,6.82066041920498,Cell19.csv,4
44,6.19842043523077,6.76013982704686,Cell19.csv,4
45,6.17642203996645,6.77180517789809,Cell19.csv,4
46,6.19599713415074,6.8348957407146,Cell19.csv,4
47,6.151632619891671,6.80327082714368,Cell19.csv,4
48,6.1947512042721105,6.82864672127378,Cell19.csv,4
49,6.238772228797361,6.8038737831972105,Cell19.csv,4
50,6.19161002572094,6.82625159910057,Cell19.csv,4
51,6.21041402990581,6.86185987791907,Cell19.csv,4
52,6.25565971876741,6.8266146112483,Cell19.csv,4
53,6.3416301837063,6.760528902838121,Cell19.csv,4
54,6.23312873346565,6.7993340061149405,Cell19.csv,4
55,6.25464478504193,6.82508669115212,Cell19.csv,4
56,6.24971622394159,6.72164911905975,Cell19.csv,4
57,6.2288676521224495,6.78758225718843,Cell19.csv,4
58,6.236769809929821,6.750605127599121,Cell19.csv,4
59,6.236393858165401,6.78125650345038,Cell19.csv,4
0,13.238588723739701,11.0531735120572,Cell19.csv,5
1,13.209079217271599,11.101887374292302,Cell19.csv,5
2,13.2030836213707,11.1306404910745,Cell19.csv,5
3,13.1790874515413,11.1023468550203,Cell19.csv,5
4,13.1973715005743,11.0886951681479,Cell19.csv,5
5,13.1865806107095,11.110767378669399,Cell19.csv,5
6,13.169625335618202,11.028009622162001,Cell19.csv,5
7,13.1090174987511,11.0422492831192,Cell19.csv,5
8,13.109795224740001,11.036302056037702,Cell19.csv,5
9,13.090651170297301,11.0600724548346,Cell19.csv,5
10,13.1150072488571,11.047484845585501,Cell19.csv,5
11,13.110409660793401,11.0039948136465,Cell19.csv,5
12,13.062544139207601,11.0854703165556,Cell19.csv,5
13,13.0508710349035,11.083372984833,Cell19.csv,5
14,13.046988973251201,11.0311896812768,Cell19.csv,5
15,13.003642220567802,11.044364883115001,Cell19.csv,5
16,13.0179708017754,11.0337803578334,Cell19.csv,5
17,13.016466186776102,11.0634407767864,Cell19.csv,5
18,13.041731938126501,11.0346503845026,Cell19.csv,5
19,13.0534055675657,11.056754781228001,Cell19.csv,5
20,13.0497497423149,11.0372315132312,Cell19.csv,5
21,13.0323348151224,11.0446781826072,Cell19.csv,5
22,13.0438897338306,11.0623597937687,Cell19.csv,5
23,13.0400884513156,11.0642152634374,Cell19.csv,5
24,13.0514044402171,11.0792691466876,Cell19.csv,5
25,13.0142795815565,11.0628952211993,Cell19.csv,5
26,13.0639378730085,11.018229261179801,Cell19.csv,5
27,13.0676235054071,10.938462161032499,Cell19.csv,5
28,13.036563607833699,10.9358658932725,Cell19.csv,5
29,13.0916187780606,10.9261086663379,Cell19.csv,5
30,13.0819484964225,10.9301727099103,Cell19.csv,5
31,13.0528533108572,10.9530379818303,Cell19.csv,5
32,13.0597425668922,10.901942596532201,Cell19.csv,5
33,13.068905882282001,10.9275123205389,Cell19.csv,5
34,13.092996893902301,10.9246998739784,Cell19.csv,5
35,13.0583610970022,10.9519289883148,Cell19.csv,5
36,13.1196476613888,10.960571462648,Cell19.csv,5
37,13.0534759973128,10.9592283708395,Cell19.csv,5
38,13.0057100361784,10.9198351117918,Cell19.csv,5
39,13.102671246817799,10.8435515312212,Cell19.csv,5
40,13.0151809029096,10.846975474704301,Cell19.csv,5
41,13.077392722532402,10.8130621544677,Cell19.csv,5
42,13.0773737395489,10.7884124399346,Cell19.csv,5
43,12.9373481322909,10.6845000241217,Cell19.csv,5
44,12.9262868445246,10.7466252085537,Cell19.csv,5
45,12.862635951521002,10.7819676379592,Cell19.csv,5
46,12.8893380273775,10.7836241783841,Cell19.csv,5
47,12.872837485296701,10.7405387063871,Cell19.csv,5
48,12.8591999742094,10.7369048086783,Cell19.csv,5
49,12.8800432426176,10.7722554432754,Cell19.csv,5
50,12.875656093102,10.777803455801301,Cell19.csv,5
51,12.8704251378641,10.7753665138047,Cell19.csv,5
52,12.872183820491001,10.7750978626612,Cell19.csv,5
53,12.8731130622308,10.7109609186108,Cell19.csv,5
54,12.910365424477702,10.7371264215137,Cell19.csv,5
55,12.9234636446394,10.7721494086876,Cell19.csv,5
56,12.919118587394399,10.766397184624902,Cell19.csv,5
57,12.90671529982,10.7362466746892,Cell19.csv,5
58,12.8687954519003,10.7643898452837,Cell19.csv,5
59,12.854289247728001,10.7522609515902,Cell19.csv,5
0,7.8787546360903695,12.8027775536748,Cell19.csv,6
1,7.8408465973686,12.8018078729915,Cell19.csv,6
2,7.89400960934124,12.8161609404004,Cell19.csv,6
3,7.94139469342325,12.8066771796329,Cell19.csv,6
4,7.94842448262982,12.7616245526022,Cell19.csv,6
5,7.77813804741625,12.785074965305402,Cell19.csv,6
6,7.86875102871424,12.740435204285001,Cell19.csv,6
7,7.81867264463562,12.7489839717508,Cell19.csv,6
8,7.8547445683664305,12.8105380999347,Cell19.csv,6
9,7.83784865671774,12.791683393868599,Cell19.csv,6
10,7.82147261359556,12.868438662357699,Cell19.csv,6
11,7.87909309202761,12.835794814577001,Cell19.csv,6
12,7.873086171224161,12.8545455126798,Cell19.csv,6
13,7.907365873549581,12.856648729385201,Cell19.csv,6
14,7.84503302433101,12.9014739574444,Cell19.csv,6
15,7.80188050827818,13.0021361914967,Cell19.csv,6
16,7.8005537696597,12.9530797087052,Cell19.csv,6
17,7.73113988847036,12.9508847533679,Cell19.csv,6
18,7.69346650396493,12.9425825087832,Cell19.csv,6
19,7.7149094377005305,12.9407314954805,Cell19.csv,6
20,7.76475134693941,13.0008672608566,Cell19.csv,6
21,7.82494506593767,12.9859009960796,Cell19.csv,6
22,7.7499562066262495,12.9902031016693,Cell19.csv,6
23,7.76924161417104,12.9759380263031,Cell19.csv,6
24,7.70687430073232,13.0255273438932,Cell19.csv,6
25,7.7163320420230805,13.000891739979101,Cell19.csv,6
26,7.7001534689384,12.9909133404236,Cell19.csv,6
27,7.744220343812049,12.947635215212701,Cell19.csv,6
28,7.72210141393516,12.9339924395262,Cell19.csv,6
29,7.75248298902095,12.9398284811677,Cell19.csv,6
30,7.78078061877137,12.953529258168802,Cell19.csv,6
31,7.71301604696227,12.936377217542,Cell19.csv,6
32,7.81312842912856,12.961112561870301,Cell19.csv,6
33,7.82561408828633,13.049102101331801,Cell19.csv,6
34,7.80872285878433,12.9839071696735,Cell19.csv,6
35,7.80919273054357,12.9333647617412,Cell19.csv,6
36,7.83256578908294,13.038720562841199,Cell19.csv,6
37,7.81106418212825,13.0139549340374,Cell19.csv,6
38,7.667424850309181,12.9820200616491,Cell19.csv,6
39,7.78559142221565,12.906178775233201,Cell19.csv,6
40,7.6887106064318695,12.909324783734402,Cell19.csv,6
41,7.80942307440454,12.850245147492,Cell19.csv,6
42,7.72736282336943,12.8947668901814,Cell19.csv,6
43,7.64962535447996,12.8495122079404,Cell19.csv,6
44,7.62060684454062,12.8931841742656,Cell19.csv,6
45,7.65851720137358,12.942699120506601,Cell19.csv,6
46,7.63653507022514,12.9227279126897,Cell19.csv,6
47,7.651266717767061,12.8514017806678,Cell19.csv,6
48,7.5436153747138395,12.862874943213301,Cell19.csv,6
49,7.71050983095831,12.9106591374681,Cell19.csv,6
50,7.60724841885611,12.866058243405199,Cell19.csv,6
51,7.61333044554606,12.865811381511099,Cell19.csv,6
52,7.649242604027,12.941711993323102,Cell19.csv,6
53,7.603026096796469,12.8864774846211,Cell19.csv,6
54,7.69006046672318,12.922027267044001,Cell19.csv,6
55,7.72665721175011,12.9952264168363,Cell19.csv,6
56,7.68356040186919,12.989394628529,Cell19.csv,6
57,7.6855879618748,12.9082342134263,Cell19.csv,6
58,7.66482203547356,12.9379080031156,Cell19.csv,6
59,7.6577087780837,12.9552843231225,Cell19.csv,6
0,6.93576453520252,5.94399865733352,Cell19.csv,7
1,6.94257778518358,6.00269612417547,Cell19.csv,7
2,6.94475447697218,5.97801856613304,Cell19.csv,7
3,6.906724748206869,6.02539385902274,Cell19.csv,7
4,6.894057592925661,5.96280495913172,Cell19.csv,7
5,6.94405394662434,5.939705589426221,Cell19.csv,7
6,6.9199215409662,5.85247422328083,Cell19.csv,7
7,6.85718021905673,5.94503994840131,Cell19.csv,7
8,6.89724603808964,5.95174148927146,Cell19.csv,7
9,6.88296417318816,6.03324232659904,Cell19.csv,7
10,6.822933293255891,5.987477300536749,Cell19.csv,7
11,6.81765811261236,5.94299935879868,Cell19.csv,7
12,6.76695664594006,6.05016452882255,Cell19.csv,7
13,6.828372219146431,6.02091678016112,Cell19.csv,7
14,6.8702031402103305,6.05376342210582,Cell19.csv,7
15,6.79957992566455,6.137598554741711,Cell19.csv,7
16,6.7608147641785,6.08773645999285,Cell19.csv,7
17,6.77369960953615,6.14588816858996,Cell19.csv,7
18,6.78815485167906,6.08498818438984,Cell19.csv,7
19,6.85034057560712,6.14066257553441,Cell19.csv,7
20,6.84386477255589,6.13087214655122,Cell19.csv,7
21,6.783072253984811,6.101528909174871,Cell19.csv,7
22,6.78755161570345,6.067251470417911,Cell19.csv,7
23,6.6739524447855105,6.14549442740214,Cell19.csv,7
24,6.69422395696501,6.22584594463522,Cell19.csv,7
25,6.61602470584734,6.28687234214317,Cell19.csv,7
26,6.5627136355108195,6.29146637866633,Cell19.csv,7
27,6.666284424784569,6.13727132625963,Cell19.csv,7
28,6.63474949761211,6.11649429164499,Cell19.csv,7
29,6.608990825560291,6.1627953706528,Cell19.csv,7
30,6.694074912062369,6.070919877970951,Cell19.csv,7
31,6.69453610088948,6.14043604273618,Cell19.csv,7
32,6.73358365532079,6.05857605038536,Cell19.csv,7
33,6.68058272773662,6.10634230213952,Cell19.csv,7
34,6.72158393622877,6.11571020982968,Cell19.csv,7
35,6.56797830080325,6.14264898686789,Cell19.csv,7
36,6.61761679668501,6.2023114594934405,Cell19.csv,7
37,6.62615211667472,6.18828286375218,Cell19.csv,7
38,6.51534448103233,6.2017031350876595,Cell19.csv,7
39,6.60489123871368,6.06882882941825,Cell19.csv,7
40,6.52908307122163,6.10020154323235,Cell19.csv,7
41,6.58457976328544,6.04432638783472,Cell19.csv,7
42,6.4770203510752,6.01002556477634,Cell19.csv,7
43,6.38967809386653,6.0949793300458595,Cell19.csv,7
44,6.37434039591477,6.05549167751005,Cell19.csv,7
45,6.27904572272097,6.06073061218004,Cell19.csv,7
46,6.29194043182983,6.02931090774118,Cell19.csv,7
47,6.32815536103577,6.0328455943282195,Cell19.csv,7
48,6.32901344076659,6.07935494430276,Cell19.csv,7
49,6.2046915595742504,6.04383677019916,Cell19.csv,7
50,6.33129938482769,6.103088835574851,Cell19.csv,7
51,6.31547302469254,6.06384190466109,Cell19.csv,7
52,6.21913269018743,6.02372495562303,Cell19.csv,7
53,6.379692136441561,6.01023683082519,Cell19.csv,7
54,6.460722466599,6.03320739232689,Cell19.csv,7
55,6.540720135321391,6.05588901770984,Cell19.csv,7
56,6.4889034392855205,6.03746657007413,Cell19.csv,7
57,6.54357214305882,5.98353747600359,Cell19.csv,7
58,6.4637838725534404,6.00968742919882,Cell19.csv,7
59,6.475120891513731,6.03422633936172,Cell19.csv,7
0,11.3791102539536,12.1297352485624,Cell19.csv,8
1,11.3531966418271,12.1554785317116,Cell19.csv,8
2,11.3130051733139,12.178959680686399,Cell19.csv,8
3,11.3156112671209,12.1890551416071,Cell19.csv,8
4,11.3127574140826,12.214424188508099,Cell19.csv,8
5,11.3312175815926,12.1871664081157,Cell19.csv,8
6,11.3195601182214,12.184220986444199,Cell19.csv,8
7,11.2814339771951,12.2173198105299,Cell19.csv,8
8,11.3006074158749,12.212235025128802,Cell19.csv,8
9,11.2628422941067,12.1621734520217,Cell19.csv,8
10,11.205045996522,12.218548634925401,Cell19.csv,8
11,11.267797804843,12.193398919917799,Cell19.csv,8
12,11.191453968150599,12.2332079941031,Cell19.csv,8
13,11.2569764767,12.242993984097,Cell19.csv,8
14,11.2150904782244,12.259719990648,Cell19.csv,8
15,11.202949628328101,12.2399163361102,Cell19.csv,8
16,11.1595665696418,12.2937805462694,Cell19.csv,8
17,11.1919307766942,12.271019345281701,Cell19.csv,8
18,11.156141541957101,12.221692410342701,Cell19.csv,8
19,11.1823559592511,12.206048529343299,Cell19.csv,8
20,11.160114198499,12.2184597010204,Cell19.csv,8
21,11.1882160673862,12.2655119779411,Cell19.csv,8
22,11.163100490077701,12.2160608692848,Cell19.csv,8
23,11.197080602866102,12.2876250884376,Cell19.csv,8
24,11.1890278098805,12.2666715307223,Cell19.csv,8
25,11.1759176543799,12.248957685748701,Cell19.csv,8
26,11.192305958156,12.2576160939172,Cell19.csv,8
27,11.2360906780915,12.1550643937087,Cell19.csv,8
28,11.2196052978826,12.1449078008289,Cell19.csv,8
29,11.185064016603402,12.1576176905286,Cell19.csv,8
30,11.170548335143,12.1392862081881,Cell19.csv,8
31,11.139938343461,12.1686354970705,Cell19.csv,8
32,11.1765285120357,12.1592585647721,Cell19.csv,8
33,11.204839262756401,12.1811797899787,Cell19.csv,8
34,11.1768979341385,12.2071509439351,Cell19.csv,8
35,11.1891598408346,12.248065813539702,Cell19.csv,8
36,11.2980310056781,12.2547339643217,Cell19.csv,8
37,11.2451284625433,12.2606048727095,Cell19.csv,8
38,11.100505808003,12.2276678089034,Cell19.csv,8
39,11.238489905101801,12.0986434744917,Cell19.csv,8
40,11.1068476759492,12.128657624218901,Cell19.csv,8
41,11.2028429011224,12.0573706726366,Cell19.csv,8
42,11.188294593925901,12.0401615840168,Cell19.csv,8
43,10.9791366848517,11.979600045106102,Cell19.csv,8
44,11.032325608077402,12.1692011782221,Cell19.csv,8
45,11.0988193450818,12.0632858803593,Cell19.csv,8
46,10.9758560690162,11.9990326321882,Cell19.csv,8
47,10.9220996717359,12.0257930594023,Cell19.csv,8
48,10.958430141729002,12.0461704947652,Cell19.csv,8
49,10.9074050870628,12.0612940015954,Cell19.csv,8
50,10.9281063484884,12.0260141740856,Cell19.csv,8
51,10.8829889912822,12.0385696772224,Cell19.csv,8
52,10.9547629973168,11.9924360652783,Cell19.csv,8
53,10.9437106992634,12.021072380224899,Cell19.csv,8
54,10.9732486568702,12.067886771524499,Cell19.csv,8
55,11.0014013554424,12.095999533373702,Cell19.csv,8
56,10.9959067484518,11.986140132584401,Cell19.csv,8
57,10.954365540538,12.057391984735201,Cell19.csv,8
58,10.9212323014943,12.028989509012002,Cell19.csv,8
59,10.9083508479539,12.0225563315575,Cell19.csv,8
0,9.39049582061039,15.957738728311401,Cell19.csv,9
1,9.396108528660271,15.9152762531193,Cell19.csv,9
2,9.44226852661904,15.9660815245555,Cell19.csv,9
3,9.3504407275465,15.9993572076776,Cell19.csv,9
4,9.382824076906411,15.9251775966167,Cell19.csv,9
5,9.37188068470745,15.9095128956872,Cell19.csv,9
6,9.40610025479579,15.8455586881111,Cell19.csv,9
7,9.44256464655789,15.733653906951801,Cell19.csv,9
8,9.47208931180023,15.7015736631897,Cell19.csv,9
9,9.27398522846941,15.8870914058165,Cell19.csv,9
10,9.391314193150832,16.0070292102796,Cell19.csv,9
11,9.27793294401269,15.9559177972335,Cell19.csv,9
12,9.28578063482554,15.9933365856328,Cell19.csv,9
13,9.289729433087091,15.8752463606009,Cell19.csv,9
14,9.282569586631212,15.8740503758081,Cell19.csv,9
15,9.3334043071034,15.8115199121465,Cell19.csv,9
16,9.241214754743291,15.9628135720063,Cell19.csv,9
17,9.27473673922122,16.0186091992064,Cell19.csv,9
18,9.25435146926544,16.0289678781774,Cell19.csv,9
19,9.29058356104307,15.979162042501601,Cell19.csv,9
20,9.349186087085291,15.9465672251821,Cell19.csv,9
21,9.302812639108842,15.8718819075625,Cell19.csv,9
22,9.31771817811598,15.8951987472573,Cell19.csv,9
23,9.332971993180399,15.9176022625441,Cell19.csv,9
24,9.32843636642513,15.8526571021895,Cell19.csv,9
25,9.33118270313079,15.8284686782976,Cell19.csv,9
26,9.35816964442597,15.804388690743702,Cell19.csv,9
27,9.3536098187102,15.8044768264304,Cell19.csv,9
28,9.37580335833096,15.8616103167529,Cell19.csv,9
29,9.36344731635972,15.8361814687564,Cell19.csv,9
30,9.33814680894606,15.8818890609716,Cell19.csv,9
31,9.350411943160712,15.7417763009267,Cell19.csv,9
32,9.455173522816631,15.693991388786001,Cell19.csv,9
33,9.35826159537811,15.650294578369,Cell19.csv,9
34,9.19331772171067,15.629575254719802,Cell19.csv,9
35,9.24449248955856,15.6366653678596,Cell19.csv,9
36,9.346922312273941,15.5678472302657,Cell19.csv,9
37,9.33627807071322,15.538200545875199,Cell19.csv,9
38,9.29923463228528,15.543918660911,Cell19.csv,9
39,9.30818020834239,15.6163972432984,Cell19.csv,9
40,9.410216381622341,15.5241472408871,Cell19.csv,9
41,9.47040682093174,15.463370191538502,Cell19.csv,9
42,9.36104269552326,15.6202457771818,Cell19.csv,9
43,9.39106945629192,15.5829230461228,Cell19.csv,9
44,9.47994458066422,15.4770163430022,Cell19.csv,9
45,9.34564348006287,15.503105995111401,Cell19.csv,9
46,9.30930271338686,15.4744234160544,Cell19.csv,9
47,9.37754089580494,15.3381164778305,Cell19.csv,9
48,9.36899670712042,15.4826676354624,Cell19.csv,9
49,9.3487734678126,15.4468867559826,Cell19.csv,9
50,9.43064111073184,15.450774797153402,Cell19.csv,9
51,9.4537688785687,15.4631759859178,Cell19.csv,9
52,9.45914337418542,15.440877813855701,Cell19.csv,9
53,9.4102306691487,15.4171339274272,Cell19.csv,9
54,9.39441257869007,15.523678668938102,Cell19.csv,9
55,9.41105590752883,15.464284926933301,Cell19.csv,9
56,9.39842111953127,15.4795632465599,Cell19.csv,9
57,9.36020854161057,15.4328910132769,Cell19.csv,9
58,9.53435588763543,15.4990554078035,Cell19.csv,9
59,9.30556002214606,15.516892124734602,Cell19.csv,9
0,9.41124258597095,11.1003362134485,Cell19.csv,10
1,9.39020618011021,11.1054876122604,Cell19.csv,10
2,9.35626568348627,11.1720205725709,Cell19.csv,10
3,9.35561216298271,11.194917746121702,Cell19.csv,10
4,9.38063302792693,11.176575900394601,Cell19.csv,10
5,9.324316039489121,11.148387765789101,Cell19.csv,10
6,9.290631448451249,11.1143761953414,Cell19.csv,10
7,9.259091635495961,11.1199162664343,Cell19.csv,10
8,9.32339266076076,11.143540063877799,Cell19.csv,10
9,9.263591831040019,11.163185304459102,Cell19.csv,10
10,9.26055377501163,11.1457296227172,Cell19.csv,10
11,9.268421208369,11.1577618762817,Cell19.csv,10
12,9.247262705370291,11.1933025690552,Cell19.csv,10
13,9.26687477573202,11.2172459646456,Cell19.csv,10
14,9.26364854106078,11.2023199214493,Cell19.csv,10
15,9.17737263209739,11.2000168122943,Cell19.csv,10
16,9.23893872263526,11.2054918832946,Cell19.csv,10
17,9.22594372593676,11.2721263136894,Cell19.csv,10
18,9.238134738836791,11.2209361982309,Cell19.csv,10
19,9.23323313985259,11.2524196150476,Cell19.csv,10
20,9.25403369874347,11.2212093316662,Cell19.csv,10
21,9.23196971472055,11.252451086917102,Cell19.csv,10
22,9.222857041242792,11.265008652335801,Cell19.csv,10
23,9.19304368501006,11.3286149322931,Cell19.csv,10
24,9.21626595348899,11.292691345798199,Cell19.csv,10
25,9.192725493551551,11.2965148501148,Cell19.csv,10
26,9.177945860345861,11.2820971592395,Cell19.csv,10
27,9.193693022044911,11.185667637088,Cell19.csv,10
28,9.18148784871549,11.1885432869851,Cell19.csv,10
29,9.18910886726251,11.1801247508747,Cell19.csv,10
30,9.18433533854818,11.184897723097,Cell19.csv,10
31,9.2154077106276,11.1754639102396,Cell19.csv,10
32,9.21908909480549,11.1631150801082,Cell19.csv,10
33,9.223539916554161,11.1868730713653,Cell19.csv,10
34,9.22533169824451,11.1844273312269,Cell19.csv,10
35,9.20942955199221,11.198022607581,Cell19.csv,10
36,9.2739615154279,11.1965952521153,Cell19.csv,10
37,9.22353997616482,11.213959821457,Cell19.csv,10
38,9.143888565753551,11.218441472434701,Cell19.csv,10
39,9.244062437388681,11.1464617741402,Cell19.csv,10
40,9.176683223452441,11.111324512117701,Cell19.csv,10
41,9.24746074822437,11.0804018895016,Cell19.csv,10
42,9.201927391490461,11.080960347758301,Cell19.csv,10
43,9.085684692154649,11.0075680859746,Cell19.csv,10
44,9.07177800438705,11.1026105718254,Cell19.csv,10
45,9.0327032313335,11.0738440352081,Cell19.csv,10
46,9.05135539837654,11.1069878156263,Cell19.csv,10
47,9.070383624304881,11.0626216796562,Cell19.csv,10
48,9.01486442343659,11.0760037140085,Cell19.csv,10
49,9.079969193133469,11.0972223807195,Cell19.csv,10
50,9.02874249740169,11.1035600598253,Cell19.csv,10
51,9.06146471485266,11.0895205622306,Cell19.csv,10
52,9.05166913300658,11.1015654989299,Cell19.csv,10
53,9.06236350736134,11.068707682826,Cell19.csv,10
54,9.08815274766618,11.067693733165202,Cell19.csv,10
55,9.11655764920157,11.1024290380583,Cell19.csv,10
56,9.11110398419076,11.0999464245343,Cell19.csv,10
57,9.074626119625709,11.061870760088999,Cell19.csv,10
58,9.051278874561941,11.093177142439101,Cell19.csv,10
59,9.02744120666558,11.0734266836184,Cell19.csv,10
0,11.989028269969,12.850538672017,Cell19.csv,11
1,11.9883630756161,12.8482428247815,Cell19.csv,11
2,11.9264410996174,12.8829565936206,Cell19.csv,11
3,11.9356483434113,12.8951097707266,Cell19.csv,11
4,11.976667678365901,12.874604703417,Cell19.csv,11
5,11.9467210903823,12.8496768242422,Cell19.csv,11
6,11.8968222700401,12.755242988411402,Cell19.csv,11
7,11.8677102936637,12.726649814665299,Cell19.csv,11
8,11.9307287140297,12.7781790615305,Cell19.csv,11
9,11.7318650689083,12.897310103864,Cell19.csv,11
10,11.901928171755602,12.843245327435799,Cell19.csv,11
11,11.8879239217706,12.8109465844192,Cell19.csv,11
12,11.8762072179227,12.9209059403546,Cell19.csv,11
13,11.9010328009606,12.886159062471599,Cell19.csv,11
14,11.828929247160401,12.896186071399699,Cell19.csv,11
15,11.8286838428952,12.8627568336099,Cell19.csv,11
16,11.8536917265175,12.9356528721478,Cell19.csv,11
17,11.8428861324421,12.8649316608475,Cell19.csv,11
18,11.870040478719,12.884488668915399,Cell19.csv,11
19,11.8639534442616,12.8780411970731,Cell19.csv,11
20,11.8387379861261,12.9212274397189,Cell19.csv,11
21,11.7970181810617,12.9176327431425,Cell19.csv,11
22,11.7615176356881,12.90813034408,Cell19.csv,11
23,11.809498227667401,12.9163388533653,Cell19.csv,11
24,11.8053837617183,12.9232854747819,Cell19.csv,11
25,11.8151388270221,12.880922336674201,Cell19.csv,11
26,11.8480846731322,12.786395313293601,Cell19.csv,11
27,11.7982335158607,12.754272803841001,Cell19.csv,11
28,11.842117523002601,12.7956147936531,Cell19.csv,11
29,11.840649918777101,12.778278611268101,Cell19.csv,11
30,11.825970626570601,12.7710444252644,Cell19.csv,11
31,11.899544803297,12.7514414857842,Cell19.csv,11
32,11.8283209869763,12.8271383417701,Cell19.csv,11
33,11.850003787993002,12.7537021610786,Cell19.csv,11
34,11.819395943502702,12.756258582066799,Cell19.csv,11
35,11.8770330232522,12.818238918503601,Cell19.csv,11
36,11.841664593208499,12.8039710501978,Cell19.csv,11
37,11.742524827888499,12.80098497208,Cell19.csv,11
38,11.8720656776994,12.670744264351601,Cell19.csv,11
39,11.791729073362,12.693802696762999,Cell19.csv,11
40,11.7377232689253,12.6160336280629,Cell19.csv,11
41,11.8050519445312,12.628280727588901,Cell19.csv,11
42,11.642495097224,12.6068439982291,Cell19.csv,11
43,11.6699019504498,12.6088775758703,Cell19.csv,11
44,11.6605295323128,12.631286279645002,Cell19.csv,11
45,11.623615597278901,12.594257471876402,Cell19.csv,11
46,11.6657225397565,12.6071241346599,Cell19.csv,11
47,11.660066911530201,12.6236304546967,Cell19.csv,11
48,11.6562319560792,12.601945271283201,Cell19.csv,11
49,11.6441850201273,12.6263263375963,Cell19.csv,11
50,11.649985418103,12.612083327840901,Cell19.csv,11
51,11.687185850153401,12.6357545751764,Cell19.csv,11
52,11.693621748637401,12.5989343907166,Cell19.csv,11
53,11.7180070590825,12.578983058211001,Cell19.csv,11
54,11.7344560421286,12.6475595285712,Cell19.csv,11
55,11.8043151273877,12.6754418508536,Cell19.csv,11
56,11.725817001468801,12.5905552099639,Cell19.csv,11
57,11.684185673602201,12.6128716097282,Cell19.csv,11
58,11.6845509693044,12.5765941819212,Cell19.csv,11
59,11.6672535225209,12.6040292889761,Cell19.csv,11
0,10.287545386026801,7.47974667706001,Cell19.csv,12
1,10.268337341575199,7.470477348648591,Cell19.csv,12
2,10.1900536220191,7.53646264030817,Cell19.csv,12
3,10.2298507023201,7.53229288929427,Cell19.csv,12
4,10.2869974775709,7.48977757188722,Cell19.csv,12
5,10.2709077785995,7.48598909758456,Cell19.csv,12
6,10.2211578226034,7.47854023343121,Cell19.csv,12
7,10.1749453181918,7.4597431319651095,Cell19.csv,12
8,10.161863775551799,7.50869180995753,Cell19.csv,12
9,10.1516472536167,7.5074049866632,Cell19.csv,12
10,10.170555350742001,7.50545268855391,Cell19.csv,12
11,10.1824922477115,7.508505164747831,Cell19.csv,12
12,10.1173352670569,7.56079025934642,Cell19.csv,12
13,10.0979402915382,7.60891147912257,Cell19.csv,12
14,10.085986864533002,7.56626948051329,Cell19.csv,12
15,10.046407118826702,7.58769720430814,Cell19.csv,12
16,10.1028713336366,7.57894664873657,Cell19.csv,12
17,10.0514200446195,7.62074385467682,Cell19.csv,12
18,10.0742368057456,7.585411348152941,Cell19.csv,12
19,10.088285231672401,7.57344646627503,Cell19.csv,12
20,10.061574400530802,7.55308763305153,Cell19.csv,12
21,10.0894123262717,7.60424964703661,Cell19.csv,12
22,10.0407159435404,7.6225227013970995,Cell19.csv,12
23,10.010239560759999,7.646979727602931,Cell19.csv,12
24,10.024337910652799,7.65937279683854,Cell19.csv,12
25,10.0093812688423,7.65543026434192,Cell19.csv,12
26,9.99044307221018,7.6626663981135,Cell19.csv,12
27,9.98756462956073,7.50884347381076,Cell19.csv,12
28,9.96207865055084,7.49828796003793,Cell19.csv,12
29,9.97464863603105,7.497242673894131,Cell19.csv,12
30,10.025078153758301,7.49719444216326,Cell19.csv,12
31,9.9958509438902,7.50400489837985,Cell19.csv,12
32,10.065396932892,7.49579099513483,Cell19.csv,12
33,9.97442844096,7.52234118037593,Cell19.csv,12
34,10.0025731899356,7.499720915913691,Cell19.csv,12
35,9.98638381363588,7.53459619998296,Cell19.csv,12
36,10.0263998325693,7.54753783036279,Cell19.csv,12
37,9.97838753024335,7.5745843166483,Cell19.csv,12
38,9.9056064259035,7.54775872969629,Cell19.csv,12
39,9.97996067867167,7.44249446133862,Cell19.csv,12
40,9.896996561461991,7.44807829817292,Cell19.csv,12
41,9.99694272556661,7.41377066183407,Cell19.csv,12
42,9.94441976731923,7.41780242918852,Cell19.csv,12
43,9.825629505243139,7.34849881128288,Cell19.csv,12
44,9.811916054533311,7.404252196783901,Cell19.csv,12
45,9.78480589670665,7.41081068995444,Cell19.csv,12
46,9.77389652341959,7.40619535870241,Cell19.csv,12
47,9.794371482836679,7.39031636814494,Cell19.csv,12
48,9.73892510996604,7.38503490809339,Cell19.csv,12
49,9.77861025264393,7.3730649200165,Cell19.csv,12
50,9.7402066871343,7.38639442990792,Cell19.csv,12
51,9.74435981590126,7.38016030916344,Cell19.csv,12
52,9.763411037227241,7.38501695815353,Cell19.csv,12
53,9.783095694867251,7.343648183030631,Cell19.csv,12
54,9.792886661921541,7.39316571100999,Cell19.csv,12
55,9.79994843106018,7.40261219352181,Cell19.csv,12
56,9.768237748746092,7.40491675390158,Cell19.csv,12
57,9.7973007324577,7.36845007433501,Cell19.csv,12
58,9.763658823654099,7.37976533585224,Cell19.csv,12
59,9.765874250991398,7.3643986865277205,Cell19.csv,12
0,8.33543153128379,6.509181540857879,Cell19.csv,13
1,8.28178586998053,6.521106304420591,Cell19.csv,13
2,8.2738281735692,6.57296888168869,Cell19.csv,13
3,8.253781159589469,6.572002072940291,Cell19.csv,13
4,8.278888294987722,6.60231496031214,Cell19.csv,13
5,8.28397424594367,6.5188495821536,Cell19.csv,13
6,8.264865345456979,6.442347869002121,Cell19.csv,13
7,8.2676173688176,6.48766779089364,Cell19.csv,13
8,8.256074757423711,6.43015453184037,Cell19.csv,13
9,8.24416135489367,6.50407917064493,Cell19.csv,13
10,8.25178469302012,6.49609808581126,Cell19.csv,13
11,8.1857464398927,6.529141116058571,Cell19.csv,13
12,8.13131980623145,6.62936630649802,Cell19.csv,13
13,8.13110620596523,6.6143974643719,Cell19.csv,13
14,8.15609226791344,6.59895729944704,Cell19.csv,13
15,8.09870559395976,6.58457145891832,Cell19.csv,13
16,8.070244624781301,6.59891570130897,Cell19.csv,13
17,8.07502930915158,6.6322909323717205,Cell19.csv,13
18,8.04478962303953,6.59631717044197,Cell19.csv,13
19,8.062623002280851,6.62232151665509,Cell19.csv,13
20,8.08040261193212,6.62454589504805,Cell19.csv,13
21,8.09906590750839,6.64334301287116,Cell19.csv,13
22,8.0839339703699,6.65520724524834,Cell19.csv,13
23,8.02914770554614,6.67173168943112,Cell19.csv,13
24,8.03829798088325,6.685499497461421,Cell19.csv,13
25,8.06113030481536,6.705209204238811,Cell19.csv,13
26,8.04856976302495,6.67190131265037,Cell19.csv,13
27,8.06478023750975,6.60899745589151,Cell19.csv,13
28,8.00208138593277,6.57691537156038,Cell19.csv,13
29,8.055106819857121,6.54017607996819,Cell19.csv,13
30,8.002850255343,6.51795994947599,Cell19.csv,13
31,8.02450926550023,6.50046988675517,Cell19.csv,13
32,8.07399407498128,6.562568758104829,Cell19.csv,13
33,8.04885017059966,6.51703748984859,Cell19.csv,13
34,8.03922641879033,6.50578873977061,Cell19.csv,13
35,7.99362239685013,6.55629094944346,Cell19.csv,13
36,8.0532791181129,6.59072606933227,Cell19.csv,13
37,7.9918591312587095,6.52236208384117,Cell19.csv,13
38,7.922409147444729,6.5835247297142,Cell19.csv,13
39,7.94501118283359,6.5506137984486505,Cell19.csv,13
40,7.9019661083712,6.57938098582317,Cell19.csv,13
41,7.91617592264222,6.540946372845821,Cell19.csv,13
42,7.9021838788678,6.44377827635003,Cell19.csv,13
43,7.780950747895821,6.430965940137851,Cell19.csv,13
44,7.76060210196558,6.455762087600821,Cell19.csv,13
45,7.731651191373031,6.53875570779231,Cell19.csv,13
46,7.70703105193832,6.52295083968742,Cell19.csv,13
47,7.76646047528477,6.43506289816158,Cell19.csv,13
48,7.699323860488501,6.485359032966751,Cell19.csv,13
49,7.7371214429037405,6.48097644998822,Cell19.csv,13
50,7.71948571404348,6.45575282451079,Cell19.csv,13
51,7.73759805961556,6.48133330241359,Cell19.csv,13
52,7.71753357047207,6.50276391363275,Cell19.csv,13
53,7.7241827286501605,6.44735021891979,Cell19.csv,13
54,7.778694477574231,6.4499893321594906,Cell19.csv,13
55,7.77238483523693,6.49384093425235,Cell19.csv,13
56,7.782722654774241,6.48893397637441,Cell19.csv,13
57,7.76997292549093,6.4708471722119905,Cell19.csv,13
58,7.73575249148719,6.49540389554727,Cell19.csv,13
59,7.7206723166152695,6.5107216387932105,Cell19.csv,13
